Index,City1,City2,Distance
0.0,Lisbon,Madrid,503.86096214002487
1.0,Moscow,Leverkusen,2085.4355821141157
2.0,Prague,London,1037.0816328375377
3.0,Donetsk,Rome,2099.1813172221773
4.0,Valencia,Piraeus,2090.286014899189
5.0,Lyon,Heerenveen,809.1457118361396
6.0,Glasgow,Graz,1672.138394433866
7.0,Istanbul,Monaco,1795.2713246951737
8.0,Hamburg,Turin,958.1983815244744
9.0,Athens,A Coruña,6389.047377761582
10.0,Helsingborg,Munich,883.1727167145451
11.0,Trondheim,Paris,1695.1320105529524
12.0,Eindhoven,Kyiv,1755.0561594162
13.0,Manchester,Anderlecht,537.0360321599899
14.0,Milan,Istanbul,1676.7712561168985
15.0,Barcelona,Leeds,1407.855670096393
16.0,A Coruña,Hamburg,1760.6838376620867
17.0,Turin,Athens,7509.66845577998
18.0,Munich,Trondheim,1704.2287699089536
19.0,Paris,Helsingborg,1064.324265717083
20.0,Kyiv,Manchester,2256.8239791973
21.0,Anderlecht,Eindhoven,104.51838023526985
22.0,Leeds,Milan,1205.7368825758372
23.0,Istanbul,Barcelona,2239.433559247469
24.0,Leverkusen,Lisbon,1862.6062009824043
25.0,Madrid,Moscow,3447.87078575145
26.0,Rome,Prague,922.9971673843364
27.0,London,Donetsk,2730.194403194885
28.0,Heerenveen,Valencia,1578.8273211803332
29.0,Piraeus,Lyon,1781.0138762035822
30.0,Graz,Istanbul,1274.617980957231
31.0,Monaco,Glasgow,1584.7870766821798
32.0,Turin,A Coruña,1296.3739935611186
33.0,Hamburg,Athens,7260.963736467394
34.0,Paris,Munich,688.266160735258
35.0,Trondheim,Helsingborg,832.9197445726007
36.0,Kyiv,Anderlecht,1843.5800170540456
37.0,Eindhoven,Manchester,571.6047583158241
38.0,Leeds,Istanbul,2675.943191342811
39.0,Barcelona,Milan,726.1898630174524
40.0,Moscow,Lisbon,3915.278759396778
41.0,Leverkusen,Madrid,1440.698235935727
42.0,Prague,Donetsk,1717.2465408434407
43.0,London,Rome,1435.015631182323
44.0,Piraeus,Heerenveen,2160.4122776400627
45.0,Valencia,Lyon,818.4376414305747
46.0,Monaco,Graz,728.1819177610812
47.0,Istanbul,Glasgow,2918.000556615662
48.0,Lisbon,Moscow,3915.278759396778
49.0,Madrid,Leverkusen,1440.698235935727
50.0,Donetsk,Prague,1717.2465408434407
51.0,Rome,London,1435.015631182323
52.0,Heerenveen,Piraeus,2160.4122776400627
53.0,Lyon,Valencia,818.4376414305747
54.0,Graz,Monaco,728.1819177610812
55.0,Glasgow,Istanbul,2918.000556615662
56.0,A Coruña,Turin,1296.3739935611186
57.0,Athens,Hamburg,7260.963736467394
58.0,Helsingborg,Trondheim,832.9197445726007
59.0,Munich,Paris,688.266160735258
60.0,Anderlecht,Kyiv,1843.5800170540456
61.0,Manchester,Eindhoven,571.6047583158241
62.0,Istanbul,Leeds,2675.943191342811
63.0,Milan,Barcelona,726.1898630174524
64.0,Turin,Hamburg,958.1983815244744
65.0,A Coruña,Athens,6389.047377761582
66.0,Munich,Helsingborg,883.1727167145451
68.0,Kyiv,Eindhoven,1755.0561594162
69.0,Anderlecht,Manchester,537.0360321599899
70.0,Istanbul,Milan,1676.7712561168985
71.0,Leeds,Barcelona,1407.855670096393
72.0,Madrid,Lisbon,503.86096214002487
73.0,Leverkusen,Moscow,2085.4355821141157
74.0,Rome,Donetsk,2099.1813172221773
75.0,London,Prague,1037.0816328375377
76.0,Piraeus,Valencia,2090.286014899189
77.0,Heerenveen,Lyon,809.1457118361396
78.0,Graz,Glasgow,1672.138394433866
79.0,Monaco,Istanbul,1795.2713246951737
80.0,Moscow,Madrid,3447.87078575145
81.0,Lisbon,Leverkusen,1862.6062009824043
82.0,Donetsk,London,2730.194403194885
83.0,Prague,Rome,922.9971673843364
84.0,Valencia,Heerenveen,1578.8273211803332
85.0,Lyon,Piraeus,1781.0138762035822
86.0,Glasgow,Monaco,1584.7870766821798
87.0,Istanbul,Graz,1274.617980957231
88.0,Athens,Turin,7509.66845577998
89.0,Hamburg,A Coruña,1760.6838376620867
90.0,Helsingborg,Paris,1064.324265717083
91.0,Trondheim,Munich,1704.2287699089536
92.0,Manchester,Kyiv,2256.8239791973
93.0,Eindhoven,Anderlecht,104.51838023526985
94.0,Milan,Leeds,1205.7368825758372
95.0,Barcelona,Istanbul,2239.433559247469
96.0,Valencia,Graz,1532.210414778241
97.0,Manchester,Athens,6500.866327961337
98.0,Paris,A Coruña,1027.149912942109
99.0,Milan,Istanbul,1676.7712561168985
100.0,Moscow,London,2510.521986900203
101.0,Munich,Lyon,577.224107008775
102.0,Anderlecht,Rome,1174.164096867216
103.0,Leeds,Madrid,1496.3904851123025
104.0,London,Munich,920.8577000712282
105.0,Lyon,Moscow,2534.9559610906026
106.0,Rome,Leeds,1683.0095306852236
107.0,Madrid,Anderlecht,1315.0916976631245
108.0,Athens,Valencia,7169.837538691743
109.0,Graz,Manchester,1442.5233023189392
110.0,A Coruña,Milan,1416.758845173037
111.0,Istanbul,Paris,2263.0417551861133
112.0,Lyon,London,734.9863653552857
113.0,Munich,Moscow,1965.276673273328
114.0,Leeds,Anderlecht,518.1368886074629
115.0,Madrid,Rome,1366.4466723813912
116.0,Valencia,Manchester,1563.7884385593045
117.0,Graz,Athens,7934.529940441243
118.0,Milan,Paris,642.832744844901
119.0,Istanbul,A Coruña,3072.3941651106697
120.0,Athens,Graz,7934.529940441243
121.0,Manchester,Valencia,1563.7884385593045
122.0,A Coruña,Istanbul,3072.3941651106697
123.0,Paris,Milan,642.832744844901
124.0,London,Lyon,734.9863653552857
125.0,Moscow,Munich,1965.276673273328
126.0,Rome,Madrid,1366.4466723813912
127.0,Anderlecht,Leeds,518.1368886074629
128.0,Lyon,Munich,577.224107008775
129.0,London,Moscow,2510.521986900203
130.0,Rome,Anderlecht,1174.164096867216
131.0,Madrid,Leeds,1496.3904851123025
132.0,Graz,Valencia,1532.210414778241
133.0,Athens,Manchester,6500.866327961337
134.0,A Coruña,Paris,1027.149912942109
135.0,Istanbul,Milan,1676.7712561168985
136.0,Valencia,Athens,7169.837538691743
137.0,Manchester,Graz,1442.5233023189392
138.0,Paris,Istanbul,2263.0417551861133
139.0,Milan,A Coruña,1416.758845173037
140.0,Munich,London,920.8577000712282
141.0,Moscow,Lyon,2534.9559610906026
142.0,Leeds,Rome,1683.0095306852236
143.0,Anderlecht,Madrid,1315.0916976631245
144.0,Manchester,Munich,1138.2571271165543
145.0,Istanbul,Madrid,2745.9867155026723
146.0,London,Valencia,1335.9963143559005
147.0,Leeds,A Coruña,1263.4299358021124
148.0,Valencia,London,1335.9963143559005
149.0,A Coruña,Leeds,1263.4299358021124
150.0,Madrid,Istanbul,2745.9867155026723
151.0,Munich,Manchester,1138.2571271165543
152.0,Madrid,Munich,1486.857766661241
153.0,Leeds,Valencia,1595.166877106787
154.0,Valencia,Leeds,1595.166877106787
155.0,Munich,Madrid,1486.857766661241
156.0,Munich,Valencia,1357.98981088621
157.0,Moscow,Anderlecht,2262.022023588196
158.0,Rome,Madrid,1366.4466723813912
159.0,Kyiv,Dortmund,1616.878918408964
160.0,Liverpool,Porto,1426.4194925839552
161.0,Palma,London,1342.3803583055228
162.0,Gelsenkirchen,Athens,7171.426879822169
163.0,Nantes,Eindhoven,693.4536183499495
164.0,Istanbul,Rome,1379.540555428866
165.0,Turin,Celtic,1462.248840083518
166.0,Trondheim,Porto,2773.040580948179
167.0,Istanbul,Barcelona,2239.433559247469
168.0,Lyon,Leverkusen,607.8028830960116
169.0,A Coruña,Piraeus,2758.015151229109
170.0,Manchester,Lille,482.1021825271699
171.0,Moscow,Rotterdam,2200.532418667624
172.0,Munich,Prague,300.31465719608
173.0,Madrid,Moscow,3447.87078575145
174.0,Anderlecht,Rome,1174.164096867216
175.0,Dortmund,Liverpool,740.5394114971001
176.0,Porto,Kyiv,3170.6026198835443
177.0,London,Gelsenkirchen,502.5528268222109
178.0,Athens,Palma,7401.475417012298
179.0,Rome,Nantes,1259.956644628378
180.0,Eindhoven,Istanbul,2137.362033188905
181.0,Celtic,Porto,1665.9024430431498
182.0,Trondheim,Turin,2051.0771420080137
183.0,Leverkusen,Barcelona,1134.402395442215
184.0,Istanbul,Lyon,2017.786123116756
185.0,A Coruña,Manchester,1211.6138089520105
186.0,Lille,Piraeus,2152.0900514611835
187.0,Prague,Rotterdam,726.5575450481468
188.0,Moscow,Munich,1965.276673273328
189.0,Madrid,Anderlecht,1315.0916976631245
190.0,Rome,Moscow,2380.8100829710124
191.0,Liverpool,Kyiv,2306.9503342057565
192.0,Porto,Dortmund,1684.1545248455632
193.0,Athens,London,6702.134904416533
194.0,Gelsenkirchen,Palma,1371.203607703887
195.0,Eindhoven,Rome,1187.559136404654
196.0,Nantes,Istanbul,2521.5847915518084
197.0,Celtic,Trondheim,1174.35716935193
198.0,Porto,Turin,1392.955264059955
199.0,Barcelona,Lyon,531.1909499761093
200.0,Leverkusen,Istanbul,2022.655146045661
201.0,Lille,A Coruña,1185.7620074869449
202.0,Piraeus,Manchester,2628.101457392083
203.0,Rotterdam,Munich,659.8407647904885
204.0,Prague,Moscow,1672.7065069406603
206.0,Anderlecht,Madrid,1315.0916976631245
207.0,Kyiv,Liverpool,2306.9503342057565
208.0,Dortmund,Porto,1684.1545248455632
209.0,Palma,Gelsenkirchen,1371.203607703887
210.0,London,Athens,6702.134904416533
211.0,Istanbul,Nantes,2521.5847915518084
212.0,Rome,Eindhoven,1187.559136404654
213.0,Turin,Trondheim,2051.0771420080137
214.0,Porto,Celtic,1665.9024430431498
215.0,Barcelona,Leverkusen,1134.402395442215
216.0,Lyon,Istanbul,2017.786123116756
217.0,Manchester,A Coruña,1211.6138089520105
218.0,Piraeus,Lille,2152.0900514611835
219.0,Rotterdam,Prague,726.5575450481468
220.0,Munich,Moscow,1965.276673273328
221.0,Trondheim,Celtic,1174.35716935193
222.0,Turin,Porto,1392.955264059955
223.0,Istanbul,Leverkusen,2022.655146045661
224.0,Lyon,Barcelona,531.1909499761093
225.0,Manchester,Piraeus,2628.101457392083
226.0,A Coruña,Lille,1185.7620074869449
227.0,Munich,Rotterdam,659.8407647904885
228.0,Moscow,Prague,1672.7065069406603
229.0,Madrid,Rome,1366.4466723813912
230.0,Anderlecht,Moscow,2262.022023588196
231.0,Dortmund,Kyiv,1616.878918408964
232.0,Porto,Liverpool,1426.4194925839552
233.0,Athens,Gelsenkirchen,7171.426879822169
234.0,London,Palma,1342.3803583055228
235.0,Rome,Istanbul,1379.540555428866
236.0,Eindhoven,Nantes,693.4536183499495
237.0,Moscow,Madrid,3447.87078575145
238.0,Rome,Anderlecht,1174.164096867216
239.0,Kyiv,Porto,3170.6026198835443
240.0,Liverpool,Dortmund,740.5394114971001
241.0,Palma,Athens,7401.475417012298
242.0,Gelsenkirchen,London,502.5528268222109
243.0,Nantes,Rome,1259.956644628378
244.0,Istanbul,Eindhoven,2137.362033188905
245.0,Porto,Trondheim,2773.040580948179
246.0,Celtic,Turin,1462.248840083518
247.0,Barcelona,Istanbul,2239.433559247469
248.0,Leverkusen,Lyon,607.8028830960116
249.0,Piraeus,A Coruña,2758.015151229109
250.0,Lille,Manchester,482.1021825271699
251.0,Rotterdam,Moscow,2200.532418667624
252.0,Prague,Munich,300.31465719608
253.0,Porto,Nantes,878.5292480220044
254.0,Munich,Manchester,1138.2571271165543
255.0,Istanbul,Rome,1379.540555428866
256.0,Liverpool,Barcelona,1391.6961926499137
257.0,Prague,Madrid,1775.2311890546116
258.0,Athens,Porto,6450.683427041571
259.0,A Coruña,London,1094.9504460656551
260.0,Turin,Leverkusen,665.2329271462498
261.0,Madrid,Athens,6867.027780315794
262.0,Porto,Prague,2040.6787525851776
263.0,Leverkusen,A Coruña,1438.9887050822706
264.0,London,Turin,919.4240468814784
265.0,Manchester,Porto,1451.406721035349
266.0,Nantes,Munich,989.9296688854378
267.0,Rome,Liverpool,1721.8713879794377
268.0,Barcelona,Istanbul,2239.433559247469
269.0,Madrid,Porto,422.0741478789785
270.0,Prague,Athens,7705.023086583827
271.0,Turin,A Coruña,1296.3739935611186
272.0,Leverkusen,London,500.2347374557395
273.0,Porto,Munich,1772.5618082965302
274.0,Nantes,Manchester,698.1546321779286
275.0,Barcelona,Rome,859.9883684974346
276.0,Liverpool,Istanbul,2753.303901076302
277.0,Manchester,Nantes,698.1546321779286
278.0,Munich,Porto,1772.5618082965302
279.0,Rome,Barcelona,859.9883684974346
280.0,Istanbul,Liverpool,2753.303901076302
281.0,Athens,Prague,7708.0858021307395
282.0,Porto,Madrid,422.0741478789785
283.0,London,Leverkusen,500.2347374557395
284.0,A Coruña,Turin,1296.3739935611186
285.0,Madrid,Prague,1775.229908610687
286.0,Porto,Athens,6450.683427041571
287.0,Leverkusen,Turin,665.2329271462498
288.0,London,A Coruña,1094.9504460656551
289.0,Manchester,Munich,1138.2571271165543
290.0,Nantes,Porto,878.5292480220044
291.0,Rome,Istanbul,1384.6250430278913
292.0,Barcelona,Liverpool,1391.6961926499137
293.0,Porto,Manchester,1451.406721035349
294.0,Munich,Nantes,989.9296688854378
295.0,Istanbul,Barcelona,2244.442507610628
296.0,Liverpool,Rome,1721.8713879794377
297.0,Athens,Madrid,6867.027780315794
298.0,Prague,Porto,2041.3016211621373
299.0,Turin,London,919.4240468814784
300.0,A Coruña,Leverkusen,1438.9887050822706
301.0,Munich,Madrid,1486.857766661241
302.0,A Coruña,Manchester,1211.6138089520105
303.0,Athens,Barcelona,7280.0193941143
304.0,Liverpool,Leverkusen,730.6526059079143
305.0,Leverkusen,Liverpool,730.6526059079143
306.0,Barcelona,Athens,7280.0193941143
307.0,Manchester,A Coruña,1211.6138089520105
308.0,Madrid,Munich,1486.857766661241
309.0,Barcelona,Madrid,506.9220157558605
310.0,Manchester,Leverkusen,686.1222677835639
311.0,Leverkusen,Manchester,686.1222677835639
312.0,Madrid,Barcelona,506.9220157558605
313.0,Madrid,Leverkusen,1440.698235935727
314.0,London,Dortmund,528.1447595498703
315.0,Auxerre,Eindhoven,428.2906717534374
316.0,Basel,Moscow,2246.3841993858887
317.0,Valencia,Liverpool,1561.9913367814363
318.0,Rome,Madrid,1366.4466723813912
319.0,Genk,Athens,7092.03793497089
320.0,Amsterdam,Lyon,735.7024626420092
321.0,Trondheim,Milan,2001.2729656494016
322.0,Rotterdam,Turin,798.1952033726983
323.0,Kyiv,Newcastle,2208.405860098126
324.0,Manchester,Haifa,3732.084505902637
325.0,Piraeus,Leverkusen,1958.484676556869
326.0,Munich,A Coruña,1636.0896345651624
327.0,Milan,Lens,727.6882936015145
328.0,Moscow,Istanbul,1747.4061354783614
329.0,Barcelona,Bruges,1095.1476720305354
330.0,Newcastle,Rotterdam,527.8152408426556
331.0,Turin,Kyiv,1805.3731237461857
332.0,Leverkusen,Manchester,686.1222677835639
333.0,Haifa,Piraeus,1176.4581502605452
334.0,A Coruña,Milan,1416.758845173037
335.0,Lens,Munich,684.7810753947023
336.0,Bruges,Moscow,2312.917105887683
337.0,Istanbul,Barcelona,2244.442507610628
338.0,Eindhoven,London,388.6584492945364
339.0,Dortmund,Auxerre,499.93841353108417
340.0,Moscow,Valencia,3319.4962960121875
341.0,Liverpool,Basel,991.7440302266448
342.0,Athens,Rome,8017.966811671791
343.0,Madrid,Genk,1371.8519343101575
344.0,Milan,Amsterdam,829.9927167681709
345.0,Lyon,Trondheim,1997.983003636391
346.0,Rotterdam,Kyiv,1818.5729885714936
347.0,Turin,Newcastle,1285.0804275019402
348.0,Haifa,Leverkusen,3047.2231771990632
349.0,Manchester,Piraeus,2628.101457392083
350.0,A Coruña,Lens,1158.5655430970114
351.0,Munich,Milan,348.471098002077
352.0,Istanbul,Bruges,2273.8836613644985
353.0,Moscow,Barcelona,3016.058738214051
354.0,Auxerre,London,490.47518769885033
355.0,Eindhoven,Dortmund,140.176556405236
356.0,Liverpool,Moscow,2600.7790184225137
357.0,Valencia,Basel,1104.2556926006607
358.0,Genk,Rome,1141.1633133265989
359.0,Athens,Madrid,6867.027780315794
360.0,Trondheim,Amsterdam,1272.8526412012604
361.0,Milan,Lyon,341.4332632111912
362.0,Dortmund,Eindhoven,140.176556405236
363.0,London,Auxerre,490.47518769885033
364.0,Moscow,Liverpool,2600.7790184225137
365.0,Basel,Valencia,1104.2556926006607
366.0,Rome,Genk,1141.1633133265989
367.0,Madrid,Athens,6867.027780315794
368.0,Lyon,Milan,341.4332632111912
369.0,Amsterdam,Trondheim,1272.8526412012604
370.0,Kyiv,Rotterdam,1818.5729885714936
371.0,Newcastle,Turin,1285.0804275019402
372.0,Leverkusen,Haifa,3047.2231771990632
373.0,Piraeus,Manchester,2628.101457392083
374.0,Lens,A Coruña,1158.5655430970114
375.0,Milan,Munich,348.471098002077
376.0,Barcelona,Moscow,3016.058738214051
377.0,Bruges,Istanbul,2273.8836613644985
378.0,Turin,Rotterdam,798.1952033726983
379.0,Newcastle,Kyiv,2208.405860098126
380.0,Leverkusen,Piraeus,1958.484676556869
381.0,Haifa,Manchester,3732.084505902637
382.0,A Coruña,Munich,1636.0896345651624
383.0,Lens,Milan,727.6882936015145
384.0,Istanbul,Moscow,1747.4061354783614
385.0,Bruges,Barcelona,1095.1476720305354
386.0,Dortmund,London,528.1447595498703
387.0,Eindhoven,Auxerre,428.2906717534374
388.0,Liverpool,Valencia,1561.9913367814363
389.0,Athens,Genk,7092.03793497089
390.0,Madrid,Rome,1366.4466723813912
391.0,Lyon,Amsterdam,735.7024626420092
392.0,Milan,Trondheim,2001.2729656494016
393.0,Moscow,Basel,2246.3841993858887
394.0,London,Eindhoven,388.6584492945364
395.0,Auxerre,Dortmund,499.93841353108417
396.0,Valencia,Moscow,3319.4962960121875
397.0,Basel,Liverpool,991.7440302266448
398.0,Rome,Athens,8017.966811671791
399.0,Genk,Madrid,1371.8519343101575
400.0,Amsterdam,Milan,829.9927167681709
401.0,Trondheim,Lyon,1997.983003636391
402.0,Kyiv,Turin,1805.3731237461857
403.0,Rotterdam,Newcastle,527.8152408426556
404.0,Manchester,Leverkusen,686.1222677835639
405.0,Piraeus,Haifa,1176.4581502605452
406.0,Milan,A Coruña,1416.758845173037
407.0,Munich,Lens,684.7810753947023
408.0,Moscow,Bruges,2312.917105887683
409.0,Barcelona,Istanbul,2244.442507610628
410.0,Milan,Madrid,1190.414887628688
411.0,Moscow,Dortmund,2032.078540135216
412.0,A Coruña,Turin,1296.3739935611186
413.0,Basel,Manchester,957.6664061744884
414.0,Leverkusen,Barcelona,1134.402395442215
415.0,Newcastle,Milan,1305.7581453028793
416.0,Valencia,Amsterdam,1490.28642657284
417.0,Rome,London,1435.015631182323
418.0,Milan,Leverkusen,640.3086070353011
419.0,Amsterdam,Rome,1297.9158828558334
420.0,London,Valencia,1335.9963143559005
421.0,Barcelona,Newcastle,1536.7057492700455
422.0,Madrid,Moscow,3447.87078575145
,Paris,Trondheim,1695.2163705926057
,Moscow,Rome,2380.8100829710124
,Dortmund,Milan,684.675639285687
,Turin,Basel,276.9171276944951
,Leverkusen,Newcastle,724.2783147517713
,London,Amsterdam,360.02633094521644
,Rome,Valencia,1118.7305509444036
,Milan,Moscow,2291.262963182324
,Madrid,Dortmund,1503.278574350884
,Basel,A Coruña,1330.8479806522191
,Manchester,Turin,1179.6575002878012
,Moscow,Milan,2291.262963182324
,Dortmund,Madrid,1503.278574350884
,A Coruña,Basel,1330.8479806522191
,Turin,Manchester,1179.6575002878012
,Newcastle,Leverkusen,724.2783147517713
,Valencia,Rome,1118.7305509444036
,Amsterdam,London,360.02633094521644
,Milan,Newcastle,1305.7581453028793
,Amsterdam,Valencia,1490.28642657284
,Madrid,Milan,1190.4148876286881
,Dortmund,Moscow,2032.0785401352157
,Manchester,Basel,957.6664061744884
,Milan,Dortmund,684.675639285687
,Basel,Turin,276.9171276944951
,Leverkusen,Milan,640.3086070353011
,Newcastle,Barcelona,1536.7057492700455
,Rome,Amsterdam,1297.9158828558334
,Madrid,Manchester,1456.340384845363
,Milan,Valencia,1029.4150220465772
,Turin,Barcelona,606.0468696792883
,Valencia,Milan,1029.4150220465772
,Barcelona,Turin,606.0468696792883
,Manchester,Madrid,1456.340384845363
,Madrid,Turin,1064.480451072413
,Milan,Milan,0.0
,Turin,Madrid,1064.480451072413
,Milan,Turin,126.21938188129471
,Glasgow,Stuttgart,1204.5356912936675
,Belgrade,Porto,2392.3676099728677
,Madrid,Marseille,817.9349924700127
,Bruges,Vigo,1349.1469708420575
,Lyon,Anderlecht,566.2429102168268
,Munich,Celtic,1377.0549554465604
,Kyiv,Moscow,756.6368380507909
,London,Milan,960.4155518772511
,Eindhoven,Monaco,870.6144111488364
,San Sebastian,Piraeus,2239.215515559913
,Turin,Istanbul,1790.250283613089
,Celtic,Lyon,1288.384664358637
,Anderlecht,Munich,604.5175118959522
,Milan,Kyiv,1680.042871968738
,A Coruña,Eindhoven,1373.823458806388
,Monaco,Athens,7557.143401288917
,Piraeus,Turin,1545.937285618513
,Istanbul,San Sebastian,2560.6007316824494
,Stuttgart,Manchester,953.8791947914059
,Athens,Glasgow,6310.17771811114
,Marseille,Belgrade,1218.8611688325614
,London,Istanbul,2507.042265215282
,Vigo,Milan,1480.933253105635
,Amsterdam,Bruges,173.1860752842908
,Anderlecht,Celtic,795.235348616742
,Kyiv,London,2141.53538360167
,A Coruña,Monaco,1277.3578936691133
,Athens,Eindhoven,7068.518254610347
,Istanbul,Piraeus,580.437314505312
,Turin,San Sebastian,796.1782602084871
,Glasgow,Manchester,294.9669716965401
,Stuttgart,Athens,7432.489660196144
,Madrid,Belgrade,2033.376596610256
,Marseille,Porto,1177.1381527235098
,Prague,Istanbul,1510.714924619219
,Amsterdam,Vigo,1521.4684042872736
,Milan,Bruges,776.245835415746
,Manchester,Glasgow,294.9669716965401
,Athens,Stuttgart,7432.489660196144
,Belgrade,Madrid,2033.376596610256
,Porto,Marseille,1177.1381527235098
,Istanbul,Prague,
,Vigo,Amsterdam,1521.4684042872736
,Bruges,Milan,776.245835415746
,Celtic,Anderlecht,795.235348616742
,London,Kyiv,2141.53538360167
,Monaco,A Coruña,1277.3578936691133
,Eindhoven,Athens,7068.518254610347
,Piraeus,Istanbul,580.437314505312
,San Sebastian,Turin,796.1782602084871
,Celtic,Munich,1377.0549554465604
,Anderlecht,Lyon,566.2429102168268
,Moscow,Kyiv,756.6368380507909
,Milan,London,960.4155518772511
,Monaco,Eindhoven,870.6144111488364
,Piraeus,San Sebastian,2239.215515559913
,Stuttgart,Glasgow,1204.5356912936675
,Porto,Belgrade,2392.3676099728677
,Marseille,Madrid,817.9349924700127
,Vigo,Bruges,1349.1469708420575
,Istanbul,Turin,1790.250283613089
,Glasgow,Athens,6310.17771811114
,Manchester,Stuttgart,953.8791947914059
,Belgrade,Marseille,1218.8611688325614
,Istanbul,London,2507.042265215282
,Milan,Vigo,1480.933253105635
,Bruges,Amsterdam,173.1860752842908
,Lyon,Celtic,1288.384664358637
,Munich,Anderlecht,604.5175118959522
,Kyiv,Milan,1680.042871968738
,Athens,Monaco,7557.143401288917
,Eindhoven,A Coruña,1374.8423837865098
,Turin,Piraeus,1545.937285618513
,San Sebastian,Istanbul,2556.5672711367106
,Prague,Milan,646.1697344015846
,Vigo,London,1217.0931176910556
,Moscow,Monaco,2523.475235677796
,Stuttgart,London,730.9662360838363
,San Sebastian,Lyon,605.2505405991425
,London,Stuttgart,730.9662360838363
,Lyon,San Sebastian,605.2505405991425
,Monaco,Moscow,2523.475235677796
,London,Vigo,1217.0931176910556
,Milan,Prague,646.1697344015846
,Porto,Lyon,1200.4323939019991
,London,London,0.0
,Madrid,Monaco,991.0328993353598
,Monaco,Madrid,991.0328993353598
,Lyon,Porto,1200.4323939019991
,Monaco,London,1032.1552577676139
,Porto,A Coruña,247.39835710864048
,A Coruña,Porto,247.39835710864048
,London,Monaco,1032.1552577676139
,Porto,Monaco,1348.1096763072703
,Athens,Trondheim,6867.96367635976
,Donetsk,Milan,2192.086703197596
,Celtic,Barcelona,
,Valencia,Anderlecht,1315.9038426750483
,Milan,Bremen,846.978969521633
,Paris,London,341.4128298366575
,Porto,Moscow,3696.773402629765
,Liverpool,Monaco,1319.4653046868066
,Rome,Kyiv,1679.8459783208255
,Tel Aviv,Munich,2643.5103886650063
,Amsterdam,Turin,837.749966190595
,Lyon,Manchester,998.4291999456873
,Piraeus,Liverpool,2667.0650946483242
,Kyiv,Leverkusen,1655.5333364094358
,Munich,Amsterdam,669.6668014847829
,Turin,Tel Aviv,2746.4075960836203
,Manchester,Istanbul,2708.4277659830473
,Prague,Lyon,862.3009912574147
,Trondheim,London,1468.214889750482
,Barcelona,Donetsk,2889.910878922198
,Milan,Celtic,1488.6340355117907
,Bremen,Valencia,1666.6678092677807
,Anderlecht,Milan,698.179186064255
,Moscow,Paris,2495.51964474611
,London,Porto,1319.4120467283522
,Liverpool,A Coruña,1184.747685902758
,Monaco,Piraeus,1508.0112359782938
,Leverkusen,Rome,1099.3264101946602
,Madrid,Kyiv,2869.206361883641
,Turin,Munich,453.0659840537979
,Amsterdam,Tel Aviv,3298.6366620055574
,Prague,Manchester,1207.148292193091
,Trondheim,Eindhoven,1366.6783948498569
,Donetsk,Celtic,2966.1350137882837
,Anderlecht,Bremen,395.6968390605643
,Paris,Porto,1212.8972735161442
,Eindhoven,Trondheim,
,Celtic,Donetsk,2966.1350137882837
,Bremen,Anderlecht,395.6968390605643
,Porto,Paris,1212.8972735161442
,Piraeus,Monaco,1508.0112359782938
,A Coruña,Liverpool,1184.747685902758
,Rome,Leverkusen,1099.3264101946602
,Kyiv,Madrid,2869.206361883641
,Tel Aviv,Amsterdam,3298.6366620055574
,Munich,Turin,453.0659840537979
,Manchester,Prague,1207.148292193091
,Monaco,Liverpool,1319.4653046868066
,Kyiv,Rome,1679.8459783208255
,Munich,Tel Aviv,2643.5103886650063
,Turin,Amsterdam,837.749966190595
,Manchester,Lyon,998.4291999456873
,Trondheim,Athens,6867.96367635976
,Milan,Donetsk,2192.086703197596
,Barcelona,Celtic,1674.4005693947233
,Anderlecht,Valencia,1315.9038426750483
,Bremen,Milan,846.978969521633
,London,Paris,341.4128298366575
,Moscow,Porto,3696.773402629765
,London,Trondheim,1468.214889750482
,Donetsk,Barcelona,2889.910878922198
,Celtic,Milan,1488.6340355117907
,Valencia,Bremen,1666.6678092677807
,Milan,Anderlecht,698.179186064255
,Paris,Moscow,2495.51964474611
,Porto,London,1319.4120467283522
,Liverpool,Piraeus,2667.0650946483242
,Leverkusen,Kyiv,
,Tel Aviv,Turin,2746.4075960836203
,Amsterdam,Munich,669.6668014847829
,Lyon,Prague,862.3009912574147
,Istanbul,Manchester,2708.4277659830473
,Manchester,Milan,1214.2864239275195
,Barcelona,London,1137.3493574186573
,Porto,Milan,1517.9006010825356
,Bremen,Lyon,863.1433220515435
,Milan,Manchester,1214.2864239275195
,London,Barcelona,1137.3493574186573
,Lyon,Bremen,863.1433220515435
,Milan,Porto,1517.9006010825356
,Liverpool,Turin,1207.4920148150225
,Lyon,Eindhoven,633.5783038173081
,Eindhoven,Lyon,633.5783038173081
,Turin,Liverpool,1207.4920148150225
,Milan,Eindhoven,718.656086174817
,London,Liverpool,288.10295471335286
,Liverpool,London,288.10295471335286
,Eindhoven,Milan,718.656086174817
,Liverpool,Milan,1246.171685777968
,Eindhoven,Gelsenkirchen,112.65373012364567
,Piraeus,Trondheim,2971.9660865697583
,Lyon,Madrid,912.9311408990382
,London,Anderlecht,321.1302088774799
,Seville,Liverpool,1795.3487370515709
,Bratislava,Milan,673.844338926475
,Glasgow,Porto,1666.5239767614435
,Bruges,Turin,758.7328038548451
,Vienna,Munich,356.8202498271311
,Prague,Amsterdam,711.8330669887928
,London,Thun,772.950949421667
,Bremen,Barcelona,1392.0713175843948
,Udine,Athens,7842.844206118948
,Lisbon,Lille,1636.4555152613866
,Villarreal,Manchester,1514.1442630736256
,Turin,Vienna,750.7859232309494
,Munich,Bruges,692.1115090528376
,Thun,Prague,623.9656054998894
,Barcelona,Udine,
,Athens,Bremen,7209.6231057190735
,Manchester,Lisbon,1724.251848306223
,Lille,Villarreal,1214.4204769371108
,Gelsenkirchen,Milan,689.9070607046128
,Madrid,Piraeus,2369.6189499693073
,Anderlecht,Seville,1704.0814369760158
,Porto,Bratislava,2170.9236420790503
,Milan,Glasgow,1491.509797004589
,Vienna,Bruges,1003.5116315519732
,Amsterdam,Thun,654.9602643739908
,Udine,Bremen,842.7352193330845
,Villarreal,Lisbon,790.7046013010804
,Istanbul,Gelsenkirchen,2038.8718646922662
,Madrid,Trondheim,2723.776744002548
,Anderlecht,Liverpool,576.7368269613012
,London,Seville,1633.3267997463483
,Glasgow,Bratislava,1688.9010681635123
,Gelsenkirchen,Istanbul,2038.8718646922662
,Trondheim,Madrid,2723.776744002548
,Seville,London,1633.3267997463483
,Liverpool,Anderlecht,576.7368269613012
,Bratislava,Glasgow,1688.9010681635123
,Bruges,Vienna,1003.5116315519732
,Thun,Amsterdam,654.9602643739908
,Bremen,Udine,842.7352193330845
,Lisbon,Villarreal,790.7046013010804
,Munich,Vienna,356.8202498271311
,Turin,Bruges,758.7328038548451
,Thun,London,772.950949421667
,Amsterdam,Prague,711.8330669887928
,Barcelona,Bremen,1392.0713175843948
,Athens,Udine,
,Manchester,Villarreal,1514.1442630736256
,Lille,Lisbon,1636.4555152613866
,Gelsenkirchen,Eindhoven,112.65373012364567
,Trondheim,Piraeus,2971.9660865697583
,Madrid,Lyon,912.9311408990382
,Liverpool,Seville,1795.3487370515709
,Anderlecht,London,321.1302088774799
,Milan,Bratislava,673.844338926475
,Porto,Glasgow,1666.5239767614435
,Milan,Gelsenkirchen,689.9070607046128
,Piraeus,Madrid,2369.6189499693073
,Seville,Anderlecht,1704.0814369760158
,Bratislava,Porto,2170.9236420790503
,Glasgow,Milan,1491.509797004589
,Bruges,Munich,692.1115090528376
,Vienna,Turin,750.7859232309494
,Prague,Thun,623.9656054998894
,Udine,Barcelona,1030.3438496527049
,Bremen,Athens,7209.6231057190735
,Lisbon,Manchester,1724.251848306223
,Villarreal,Lille,1214.4204769371108
,Madrid,London,1260.884739934213
,Lisbon,Liverpool,1700.0811302248653
,Bremen,Turin,894.3363653081618
,Glasgow,Villarreal,1796.7046050710208
,Turin,Bremen,894.3363653081618
,Villarreal,Glasgow,1796.7046050710208
,London,Madrid,1260.884739934213
,Liverpool,Lisbon,1700.0811302248653
,Lisbon,Barcelona,1009.2834115602761
,Milan,Villarreal,976.8225578919978
,Villarreal,Milan,976.8225578919978
,Barcelona,Lisbon,1009.2834115602761
,London,Villarreal,1283.9670143459132
,Villarreal,London,1283.9670143459132
,Barcelona,Sofia,7859.326633405023
,London,Bremen,635.3831422636384
,Lisbon,Milan,1686.5107405420495
,Eindhoven,Liverpool,615.9604640769762
,Istanbul,Bordeaux,2436.331895239988
,Kyiv,Bucharest,746.8398386934025
,Manchester,Celtic,292.57199543531425
,Copenhagen,Lisbon,2482.249120356643
,Hamburg,London,725.0531896130901
,Anderlecht,Lille,92.17359534124508
,Milan,Athens,7595.926530357936
,Bucharest,Lyon,1675.7436183152251
,Celtic,Copenhagen,1050.5102408292555
,Moscow,Hamburg,1787.1967631484845
,Athens,Anderlecht,7020.919951399059
,Lille,Milan,733.8784157791858
,Sofia,London,8750.881322187684
,Bordeaux,Eindhoven,860.4604227080913
,Donetsk,Piraeus,1602.9816620532524
,Bucharest,Madrid,2478.9271841604173
,Kyiv,Lyon,1972.205010484333
,Manchester,Copenhagen,986.7810514672525
,Celtic,Lisbon,1940.7112704143576
,Porto,Hamburg,1958.0003678775242
,Lille,Athens,6945.758410863109
,Bremen,Sofia,8459.516568973795
,Lisbon,Munich,1967.9102198780074
,Bordeaux,Liverpool,968.6131517520381
,Valencia,Donetsk,3181.711351907035
,Piraeus,Rome,1049.3325815749217
,Sofia,Bremen,
,Munich,Lisbon,1967.9102198780074
,Liverpool,Bordeaux,968.6131517520381
,Rome,Piraeus,1049.3325815749217
,Donetsk,Valencia,3181.711351907035
,Madrid,Bucharest,2478.9271841604173
,Lyon,Kyiv,1972.205010484333
,Lisbon,Celtic,1940.7112704143576
,Copenhagen,Manchester,986.7810514672525
,Hamburg,Porto,
,Athens,Lille,6945.758410863109
,Bucharest,Kyiv,746.8398386934025
,Celtic,Manchester,292.57199543531425
,Lisbon,Copenhagen,2482.249120356643
,London,Hamburg,725.0531896130901
,Lille,Anderlecht,92.17359534124508
,Athens,Milan,7595.926530357936
,Bremen,London,635.3831422636384
,Sofia,Barcelona,7859.326633405023
,Milan,Lisbon,1686.5107405420495
,Liverpool,Eindhoven,615.9604640769762
,Bordeaux,Istanbul,2436.331895239988
,London,Sofia,8750.881322187684
,Eindhoven,Bordeaux,860.4604227080913
,Piraeus,Donetsk,1602.9816620532524
,Lyon,Bucharest,1675.7436183152251
,Copenhagen,Celtic,1050.5102408292555
,Hamburg,Moscow,1787.1967631484845
,Anderlecht,Athens,7020.919951399059
,Milan,Lille,733.8784157791858
,Rome,Lyon,749.8861551158261
,Lyon,Rome,749.8861551158261
,Rome,Manchester,1690.8821512031443
,Manchester,Rome,1690.8821512031443
,Milan,Liverpool,1246.171685777968
,Marseille,Istanbul,1965.1474124044705
,Gelsenkirchen,Valencia,1458.3532044452288
,Madrid,Bremen,1695.8824805972429
,Eindhoven,Moscow,2161.7402074476363
,Prague,Bucharest,1079.471761876805
,Lyon,Glasgow,1290.9853105332156
,Stuttgart,Barcelona,988.7424342470545
,Kyiv,Lisbon,3360.1264753146243
,Bucharest,London,2096.8915118416926
,Seville,Prague,2153.9929584109113
,Liverpool,Marseille,1281.788248620995
,Istanbul,Porto,3138.2156881067203
,Trondheim,Gelsenkirchen,1341.6588040170318
,Bremen,Piraeus,2034.0515752205736
,Lisbon,Donetsk,3877.884549582177
,Stuttgart,Lyon,469.9981176555275
,Glasgow,Barcelona,1676.5121974643978
,Rome,Lisbon,1866.531995798591
,Seville,Bucharest,2794.9518688164003
,Trondheim,Valencia,2760.1291108746364
,Bremen,Rome,1273.3157014289463
,Valencia,Trondheim,2760.1291108746364
,Rome,Bremen,1273.3157014289463
,Barcelona,Glasgow,
,Lyon,Stuttgart,469.9981176555275
,Lisbon,Rome,1866.531995798591
,Bucharest,Seville,2794.9518688164003
,Moscow,Eindhoven,2161.7402074476363
,Bucharest,Prague,1079.471761876805
,Istanbul,Marseille,1965.1474124044705
,Valencia,Gelsenkirchen,1458.3532044452288
,Bremen,Madrid,1695.8824805972429
,Donetsk,Lisbon,3877.884549582177
,Porto,Istanbul,3138.2156881067203
,Marseille,Liverpool,1281.788248620995
,Gelsenkirchen,Trondheim,1341.6588040170318
,Piraeus,Bremen,2034.0515752205736
,Barcelona,Stuttgart,988.7424342470545
,Glasgow,Lyon,1290.9853105332156
,Lisbon,Kyiv,
,London,Bucharest,2096.8915118416926
,Prague,Seville,2153.9929584109113
,Gelsenkirchen,Porto,1663.537054433876
,Piraeus,London,2393.467432187773
,Istanbul,Seville,3033.014768938872
,Seville,Istanbul,3033.014768938872
,Porto,Gelsenkirchen,1663.537054433876
,London,Piraeus,
,Gelsenkirchen,Barcelona,1186.884692955293
,Barcelona,Gelsenkirchen,1186.884692955293
,Barcelona,Manchester,1384.960869718582
,Manchester,Barcelona,1384.960869718582
,Manchester,London,263.4435415345014
,London,Bordeaux,739.9331167170552
,Rome,Cluj-Napoca,1036.975134928672
,Bremen,Larnaca,2805.906622882229
,Basel,Donetsk,2249.9639574810262
,Eindhoven,Madrid,1414.364904006745
,Celtic,Aalborg,879.6933845785562
,Bucharest,Munich,1190.445803065489
,Lyon,Florence,554.2584804973584
,Turin,Saint Petersburg,2236.083963296052
,Madrid,Borisov,2841.2472984392534
,Aalborg,Manchester,867.7849738343086
,Villarreal,Celtic,1794.896548423906
,Florence,Bucharest,1189.4315137560218
,Istanbul,Kyiv,1048.038314910098
,Borisov,Turin,1805.737314051174
,Saint Petersburg,Madrid,3195.793362091254
,Bordeaux,Rome,1106.8507937926456
,Cluj-Napoca,London,1800.7746161496766
,Larnaca,Athens,9957.98518432921
,Lisbon,Basel,1672.9908795143338
,Villarreal,Aalborg,2036.5689297327533
,Munich,Florence,486.0597391257573
,Saint Petersburg,Borisov,645.665565095809
,Bordeaux,Cluj-Napoca,1883.4885028291742
,Milan,Larnaca,2373.3345870568673
,Basel,Barcelona,809.5890350016011
,Eindhoven,Marseille,906.3853515664882
,Madrid,Liverpool,1445.1368203399359
,Cluj-Napoca,Bordeaux,1883.4885028291742
,Larnaca,Milan,2373.3345870568673
,Barcelona,Basel,809.5890350016011
,Liverpool,Madrid,1445.1368203399359
,Marseille,Eindhoven,906.3853515664882
,Aalborg,Villarreal,2036.5689297327533
,Florence,Munich,486.0597391257573
,Borisov,Saint Petersburg,645.665565095809
,Aalborg,Celtic,879.6933845785562
,Florence,Lyon,554.2584804973584
,Munich,Bucharest,1190.445803065489
,Borisov,Madrid,2841.2472984392534
,Saint Petersburg,Turin,2236.083963296052
,Bordeaux,London,739.9331167170552
,Cluj-Napoca,Rome,1036.975134928672
,Larnaca,Bremen,2805.906622882229
,Donetsk,Basel,2249.9639574810262
,Madrid,Eindhoven,1414.364904006745
,Rome,Bordeaux,1106.8507937926456
,London,Cluj-Napoca,1800.7746161496766
,Athens,Larnaca,9957.98518432921
,Basel,Lisbon,1672.9908795143338
,Manchester,Aalborg,867.7849738343086
,Celtic,Villarreal,
,Bucharest,Florence,1189.4315137560218
,Kyiv,Istanbul,1048.038314910098
,Madrid,Saint Petersburg,3195.793362091254
,Turin,Borisov,1805.737314051174
,Villarreal,Athens,7170.316294646658
,Athens,Villarreal,7170.316294646658
,Barcelona,Munich,1055.4019616298503
,Munich,Barcelona,1055.4019616298503
,London,Manchester,263.4435415345014
,Turin,Bordeaux,652.1915780760985
,Haifa,Munich,2596.070069753478
,Wolfsburg,Moscow,1782.5862868730405
,Marseille,Milan,388.1193135660359
,Zurich,Madrid,1248.7048510633056
,Madrid,Nicosia,3291.4312555382157
,Liverpool,Debrecen,1854.5344852101637
,Kyiv,Kazan,1150.9199597125084
,Seville,Urziceni,2839.636765573519
,Liege,London,430.6125397581104
,Piraeus,Alkmaar,2185.9998398836456
,Florence,Liverpool,1495.7841077789067
,Debrecen,Lyon,1298.1197025275953
,Kazan,Milan,1999.220423907419
,Barcelona,Kyiv,2399.618329548196
,Urziceni,Stuttgart,1404.1843556446322
,Glasgow,Seville,2057.6418561526875
,Alkmaar,Liege,246.0955024452378
,Bordeaux,Haifa,3331.525408569177
,Manchester,Wolfsburg,882.5148499387944
,Milan,Zurich,218.11616914124235
,Nicosia,London,3222.709286958094
,Debrecen,Florence,909.0406203810124
,Liverpool,Lyon,
,Barcelona,Kazan,2564.4332380662267
,Stuttgart,Seville,1762.2929588130892
,Glasgow,Urziceni,2495.796676183259
,Piraeus,Liege,1984.730693172814
,Alkmaar,London,362.06045725352686
,Bordeaux,Munich,1001.2264590788468
,Turin,Haifa,2711.3222186856037
,Wolfsburg,Istanbul,1872.8624270271052
,Moscow,Manchester,2551.7768642588844
,Zurich,Marseille,516.8263506624785
,Porto,Nicosia,3701.2979449446507
,Munich,Bordeaux,1001.2264590788468
,Haifa,Turin,2711.3222186856037
,Manchester,Moscow,2551.7768642588844
,Istanbul,Wolfsburg,1872.8624270271052
,Marseille,Zurich,516.8263506624785
,Nicosia,Porto,3701.2979449446507
,Florence,Debrecen,909.0406203810124
,Lyon,Liverpool,1020.3757076782896
,Kazan,Barcelona,2564.4332380662267
,Urziceni,Glasgow,2495.796676183259
,Seville,Stuttgart,1762.2929588130892
,Liege,Piraeus,1984.730693172814
,London,Alkmaar,362.06045725352686
,Debrecen,Liverpool,1854.5344852101637
,Kazan,Kyiv,1150.9199597125084
,Urziceni,Seville,2839.636765573519
,London,Liege,430.6125397581104
,Alkmaar,Piraeus,2185.9998398836456
,Bordeaux,Turin,652.1915780760985
,Munich,Haifa,2596.070069753478
,Moscow,Wolfsburg,1782.5862868730405
,Milan,Marseille,388.1193135660359
,Madrid,Zurich,1248.7048510633056
,Nicosia,Madrid,3291.4312555382157
,Haifa,Bordeaux,3331.525408569177
,Wolfsburg,Manchester,882.5148499387944
,Zurich,Milan,218.11616914124235
,London,Nicosia,3222.709286958094
,Liverpool,Florence,1495.7841077789067
,Lyon,Debrecen,1298.1197025275953
,Milan,Kazan,1999.220423907419
,Kyiv,Barcelona,2399.618329548196
,Stuttgart,Urziceni,1404.1843556446322
,Seville,Glasgow,2057.6418561526875
,Liege,Alkmaar,246.0955024452378
,Piraeus,Bordeaux,2156.1538123286864
,Moscow,Seville,3826.223664610046
,Seville,Moscow,3826.223664610046
,Bordeaux,Piraeus,2156.1538123286864
,Lyon,Bordeaux,
,Bordeaux,Lyon,436.44996123295726
,Enschede,Milan,770.5871601343533
,Lisbon,Tel Aviv,4017.860019293859
,Lyon,Gelsenkirchen,661.0886550938097
,Bursa,Valencia,2510.3456802114592
,Copenhagen,Kazan,2267.7432483745843
,Cluj-Napoca,Basel,1214.3343943533368
,Munich,Rome,697.5485249422838
,Zilina,London,1363.2345050033298
,Marseille,Moscow,2678.8640463345023
,Madrid,Amsterdam,1481.9537073039837
,Milan,Auxerre,502.1640098674932
,Donetsk,Belgrade,1376.6927924374984
,London,Braga,1272.699647374546
,Basel,Munich,305.2743432038696
,London,Marseille,1000.810199123681
,Moscow,Zilina,1466.9231043626069
,Auxerre,Madrid,1004.7366250893735
,Belgrade,London,1695.0085371609387
,Braga,Donetsk,3671.2681027415642
,London,Enschede,489.9417423555669
,Tel Aviv,Lyon,2982.1620185066395
,Gelsenkirchen,Lisbon,1903.5598078775542
,Glasgow,Bursa,2989.494176492302
,Athens,Copenhagen,7312.5996042400975
,Munich,Cluj-Napoca,917.7093349104123
,Rome,Basel,739.0126720567699
,Marseille,Zilina,1220.6607465549082
,Amsterdam,Auxerre,517.7882155256048
,Braga,Belgrade,2363.3253562050136
,Enschede,Bremen,161.78361448650452
,Gelsenkirchen,Tel Aviv,3119.312616047376
,Lyon,Lisbon,
,Manchester,Bursa,2779.203208161291
,Glasgow,Valencia,1844.7998054297955
,Athens,Kazan,9503.574436773279
,Barcelona,Copenhagen,1761.5977434239421
,Bremen,Enschede,161.78361448650452
,Tel Aviv,Gelsenkirchen,3119.312616047376
,Lisbon,Lyon,1390.6950811950571
,Bursa,Manchester,2779.203208161291
,Valencia,Glasgow,1844.7998054297955
,Kazan,Athens,9503.574436773279
,Copenhagen,Barcelona,1761.5977434239421
,Basel,Rome,739.0126720567699
,Cluj-Napoca,Munich,917.7093349104123
,Zilina,Marseille,1220.6607465549082
,Auxerre,Amsterdam,517.7882155256048
,Belgrade,Braga,2363.3253562050136
,Basel,Cluj-Napoca,1214.3343943533368
,Rome,Munich,697.5485249422838
,London,Zilina,1363.2345050033298
,Moscow,Marseille,2678.8640463345023
,Amsterdam,Madrid,1481.9537073039837
,Auxerre,Milan,502.1640098674932
,Braga,London,1272.699647374546
,Belgrade,Donetsk,1376.6927924374984
,Milan,Enschede,770.5871601343533
,Gelsenkirchen,Lyon,661.0886550938097
,Tel Aviv,Lisbon,4017.860019293859
,Valencia,Bursa,2498.708803167919
,Kazan,Copenhagen,2267.7432483745843
,Enschede,London,489.9417423555669
,Lyon,Tel Aviv,2982.1620185066395
,Lisbon,Gelsenkirchen,1903.5598078775542
,Bursa,Glasgow,2995.1215329538454
,Copenhagen,Athens,7312.5996042400975
,Munich,Basel,305.2743432038696
,Zilina,Moscow,
,Marseille,London,1000.810199123681
,Madrid,Auxerre,1004.7366250893735
,Donetsk,Braga,3671.2681027415642
,London,Belgrade,1695.0085371609387
,Copenhagen,London,960.8134271937349
,Marseille,Manchester,1263.3453849269417
,Manchester,Marseille,1263.3453849269417
,London,Copenhagen,960.8134271937349
,Gelsenkirchen,Manchester,670.5773677593903
,Manchester,Gelsenkirchen,670.5773677593903
,Genk,Valencia,1357.318019935202
,Piraeus,Marseille,1652.5596346749442
,Nicosia,Saint Petersburg,2762.124611297067
,Porto,Donetsk,3705.462163283491
,Plzen,Borisov,1149.750453249773
,Villarreal,Munich,1303.394986447436
,Manchester,Naples,1872.3763490633194
,Milan,Trabzon,2521.4262040521853
,Lille,Moscow,2351.8198831878435
,Basel,Galati,1584.114864305638
,Zagreb,Madrid,1704.8327962041972
,Naples,Villarreal,1221.1000121593345
,Trabzon,Lille,3016.0117854402224
,Galati,Lisbon,3137.2588671216386
,Lyon,Zagreb,865.9985611178053
,Leverkusen,Genk,104.7182964677259
,Marseille,Dortmund,927.1521326722458
,Donetsk,Nicosia,1472.760594856835
,Saint Petersburg,Porto,
,Milan,Plzen,570.7378975382035
,Borisov,Barcelona,2411.6806764007597
,Naples,Munich,838.5883474086812
,Moscow,Trabzon,1657.7690714981377
,Galati,Manchester,2349.637672671255
,Zagreb,Amsterdam,1087.6160928307104
,London,Genk,398.4502912407563
,Leverkusen,Valencia,1407.3818351049667
,Piraeus,Dortmund,1970.218088304656
,Donetsk,Saint Petersburg,1412.870408214328
,Milan,Borisov,1688.3312466360073
,Barcelona,Plzen,1273.5731110079169
,Valencia,Leverkusen,1407.3818351049667
,Genk,London,398.4502912407563
,Dortmund,Piraeus,1970.218088304656
,Saint Petersburg,Donetsk,1412.870408214328
,Borisov,Milan,1688.3312466360073
,Plzen,Barcelona,1273.5731110079169
,Munich,Naples,838.5883474086812
,Trabzon,Moscow,1657.7690714981377
,Manchester,Galati,2349.637672671255
,Amsterdam,Zagreb,1087.6160928307104
,Naples,Manchester,1872.3763490633194
,Munich,Villarreal,1303.394986447436
,Trabzon,Milan,2521.4262040521853
,Moscow,Lille,
,Galati,Basel,1584.114864305638
,Madrid,Zagreb,1704.8327962041972
,Valencia,Genk,1357.318019935202
,Marseille,Piraeus,1652.5596346749442
,Saint Petersburg,Nicosia,2762.124611297067
,Donetsk,Porto,3705.462163283491
,Borisov,Plzen,1149.750453249773
,Genk,Leverkusen,104.7182964677259
,Dortmund,Marseille,927.1521326722458
,Porto,Saint Petersburg,3381.712395986244
,Nicosia,Donetsk,1472.760594856835
,Plzen,Milan,570.7378975382035
,Barcelona,Borisov,2411.6806764007597
,Villarreal,Naples,1221.1000121593345
,Lille,Trabzon,3016.0117854402224
,Lisbon,Galati,3137.2588671216386
,Zagreb,Lyon,865.9985611178053
,Lyon,Nicosia,2670.5405158289695
,Saint Petersburg,Lisbon,3624.245425724477
,Naples,London,1618.4712671870602
,Lisbon,Saint Petersburg,3624.245425724477
,Nicosia,Lyon,2670.5405158289695
,London,Naples,1618.4712671870602
,Lisbon,London,1584.2395581991466
,Marseille,Munich,722.652889499226
,Munich,Marseille,722.652889499226
,London,Lisbon,1584.2395581991466
,Paris,Kyiv,2030.0673867271953
,Zagreb,Porto,2046.5607198510852
,Montpellier,London,926.3422107933791
,Piraeus,Gelsenkirchen,1988.651149303363
,Malaga,Saint Petersburg,3570.3876724443794
,Dortmund,Amsterdam,201.06051199024233
,Donetsk,Farum,1937.8839465434
,Lille,Borisov,1765.9300861497316
,Braga,Cluj-Napoca,2606.6089188685733
,Turin,Donetsk,2318.2232764031596
,Farum,London,
,Borisov,Munich,1359.2054044908093
,Valencia,Lille,1269.8705054756626
,Moscow,Celtic,2582.6066782532703
,Istanbul,Braga,3113.9093883826017
,Cluj-Napoca,Manchester,1978.7389853439263
,Kyiv,Zagreb,1196.5634360477234
,Gelsenkirchen,Montpellier,910.8730790442705
,Saint Petersburg,Milan,2133.598631961427
,Anderlecht,Malaga,1716.6493394324737
,Manchester,Dortmund,694.1365057296175
,Farum,Turin,1239.7612199593943
,Borisov,Valencia,2715.0160174477646
,Lille,Munich,677.1062396995776
,Istanbul,Cluj-Napoca,769.3351196736247
,Manchester,Braga,1404.27853441182
,Zagreb,Paris,1082.3662688493407
,Montpellier,Piraeus,1778.3259422466126
,Malaga,Milan,1496.4975193512187
,Saint Petersburg,Anderlecht,1914.532605152593
,Amsterdam,Manchester,495.31546002911375
,Paris,Zagreb,1082.3662688493407
,Piraeus,Montpellier,1778.3259422466126
,Milan,Malaga,1496.4975193512187
,Anderlecht,Saint Petersburg,1914.532605152593
,Manchester,Amsterdam,495.31546002911375
,Turin,Farum,1239.7612199593943
,Valencia,Borisov,2715.0160174477646
,Munich,Lille,677.1062396995776
,Cluj-Napoca,Istanbul,769.3351196736247
,Braga,Manchester,1404.27853441182
,Farum,Donetsk,1937.8839465434
,Borisov,Lille,1765.9300861497316
,Valencia,Munich,1357.9898108862099
,Cluj-Napoca,Braga,2606.6089188685733
,Porto,Zagreb,2046.5607198510852
,Kyiv,Paris,2030.0673867271953
,Gelsenkirchen,Piraeus,1988.651149303363
,London,Montpellier,926.3422107933791
,Saint Petersburg,Malaga,3570.3876724443794
,Amsterdam,Dortmund,201.06051199024233
,Zagreb,Kyiv,1196.5634360477234
,Montpellier,Gelsenkirchen,910.8730790442705
,Milan,Saint Petersburg,2133.598631961427
,Malaga,Anderlecht,1716.6493394324737
,Dortmund,Manchester,694.1365057296175
,London,Farum,955.0611178671645
,Donetsk,Turin,2318.2232764031596
,Munich,Borisov,1359.2054044908093
,Lille,Valencia,1269.8705054756626
,Celtic,Moscow,2582.6066782532703
,Braga,Istanbul,3113.9093883826017
,Manchester,Cluj-Napoca,1978.7389853439263
,Valencia,Paris,1065.0251764715108
,Donetsk,Dortmund,2203.3858236572896
,Porto,Malaga,611.0405642502967
,Dortmund,Donetsk,2203.3858236572896
,Paris,Valencia,1065.0251764715108
,Malaga,Porto,611.0405642502967
,Paris,Barcelona,830.3468416711609
,Malaga,Dortmund,1893.7456100569452
,Dortmund,Malaga,1893.7456100569452
,Barcelona,Paris,830.3468416711609
,Munich,Dortmund,477.91307275453954
,San Sebastian,Donetsk,3108.1505272969375
,Copenhagen,Turin,1230.5355269951624
,Lisbon,Anderlecht,1712.9612101030627
,Piraeus,Paris,2096.899093591065
,Plzen,Manchester,1156.0994557008066
,Gelsenkirchen,Bucharest,1615.6871257659034
,London,Basel,709.6763980715195
,Naples,Dortmund,1296.017774774462
,Vienna,Porto,2118.6102483458803
,Barcelona,Amsterdam,1238.9284604932259
,Basel,Gelsenkirchen,
,Saint Petersburg,Vienna,1586.0520342272084
,Leverkusen,San Sebastian,1092.5297168162313
,Donetsk,Manchester,2850.9688090055342
,Madrid,Copenhagen,2075.5539325204486
,Paris,Lisbon,1454.5651329494779
,Anderlecht,Piraeus,2091.065848439427
,Moscow,Plzen,1756.3838951238893
,Bucharest,Basel,1471.798189296166
,Marseille,Naples,783.5308933810818
,Vienna,Madrid,1813.022482756459
,Celtic,Amsterdam,708.9191480234389
,Leverkusen,Donetsk,2239.144094541109
,Manchester,San Sebastian,1129.606995985043
,Istanbul,Copenhagen,2021.1944487789153
,Anderlecht,Paris,262.8110711839818
,Lisbon,Piraeus,2852.5751374722136
,Munich,Plzen,222.49692765926372
,Donetsk,Leverkusen,2239.144094541109
,San Sebastian,Manchester,1129.606995985043
,Copenhagen,Istanbul,2021.1944487789153
,Paris,Anderlecht,262.8110711839818
,Piraeus,Lisbon,2852.5751374722136
,Plzen,Munich,222.49692765926372
,Basel,Bucharest,1471.798189296166
,Naples,Marseille,783.5308933810818
,Madrid,Vienna,1813.022482756459
,Amsterdam,Celtic,708.9191480234389
,Bucharest,Gelsenkirchen,1615.6871257659034
,Basel,London,709.6763980715195
,Dortmund,Naples,1296.017774774462
,Porto,Vienna,2118.6102483458803
,Amsterdam,Barcelona,1238.9284604932259
,Donetsk,San Sebastian,3108.1505272969375
,Turin,Copenhagen,1230.5355269951624
,Paris,Piraeus,2096.899093591065
,Anderlecht,Lisbon,1712.9612101030627
,Manchester,Plzen,1156.0994557008066
,San Sebastian,Leverkusen,1092.5297168162313
,Manchester,Donetsk,2850.9688090055342
,Copenhagen,Madrid,2075.5539325204486
,Piraeus,Anderlecht,2091.065848439427
,Lisbon,Paris,1454.5651329494779
,Plzen,Moscow,1756.3838951238893
,Gelsenkirchen,Basel,441.0803890668538
,Vienna,Saint Petersburg,1586.0520342272084
,Leverkusen,Paris,411.7660283322223
,Saint Petersburg,Dortmund,1701.4433088587377
,Gelsenkirchen,Madrid,1486.968463874213
,Paris,Leverkusen,411.7660283322223
,Madrid,Gelsenkirchen,1486.968463874213
,Dortmund,Saint Petersburg,1701.4433088587377
,Madrid,Madrid,0.0
,Turin,Malmo,1230.857454698928
,Liverpool,Razgrad,2419.6783670208283
,Madrid,Basel,1202.016813624956
,Monaco,Leverkusen,812.2889103675732
,Istanbul,Anderlecht,2187.1470940087747
,Barcelona,Nicosia,2797.9616286768523
,Amsterdam,Paris,430.87641922783683
,Maribor,Lisbon,2199.953428211341
,Bilbao,Donetsk,3181.4326636207816
,Porto,Borisov,3094.3301092107135
,Nicosia,Amsterdam,
,Gelsenkirchen,Maribor,832.2554296531295
,Borisov,Bilbao,2584.2927419776556
,Malmo,Piraeus,2119.4530592273536
,Razgrad,Madrid,2515.012635914714
,Saint Petersburg,Monaco,2371.1748204454616
,Anderlecht,Dortmund,231.76122449079688
,Nicosia,Paris,2954.235177542593
,London,Maribor,1274.9406532964613
,Porto,Bilbao,524.0688323056212
,Borisov,Donetsk,947.1931188399348
,Madrid,Malmo,2087.144302900094
,Razgrad,Basel,1540.753928550016
,Leverkusen,Saint Petersburg,1762.2756398769627
,Monaco,Lisbon,1493.5678911296632
,Istanbul,Dortmund,2015.5947140087565
,Malmo,Madrid,2087.144302900094
,Basel,Razgrad,1540.753928550016
,Saint Petersburg,Leverkusen,1762.2756398769627
,Lisbon,Monaco,1493.5678911296632
,Dortmund,Istanbul,2015.5947140087565
,Paris,Nicosia,2954.235177542593
,Maribor,London,1274.9406532964613
,Donetsk,Borisov,947.1931188399348
,Bilbao,Porto,524.0688323056212
,Nicosia,Barcelona,2797.9616286768523
,Paris,Amsterdam,430.87641922783683
,Lisbon,Maribor,2199.953428211341
,Borisov,Porto,3094.3301092107135
,Donetsk,Bilbao,3181.4326636207816
,Malmo,Turin,1230.857454698928
,Basel,Madrid,1202.016813624956
,Razgrad,Liverpool,2419.6783670208283
,Leverkusen,Monaco,812.2889103675732
,Anderlecht,Istanbul,2187.1470940087747
,Piraeus,Malmo,2119.4530592273536
,Madrid,Razgrad,2515.012635914714
,Monaco,Saint Petersburg,2371.1748204454616
,Dortmund,Anderlecht,231.76122449079688
,Amsterdam,Nicosia,2950.3706361684895
,Maribor,Gelsenkirchen,832.2554296531295
,Bilbao,Borisov,2584.2927419776556
,Donetsk,Munich,1944.752169224414
,Basel,Porto,1470.6699267200534
,Turin,Dortmund,717.0012568134093
,Porto,Basel,1470.6699267200534
,Munich,Donetsk,1944.752169224414
,Dortmund,Turin,717.0012568134093
,Turin,Monaco,149.77212446097585
,Monaco,Turin,149.77212446097585
,Paris,Malmo,1044.6581819251144
,Madrid,Donetsk,3378.4975945145165
,Lisbon,Astana,6184.608255551216
,Seville,Monchengladbach,1821.3865191593393
,Leverkusen,Borisov,1493.6632910227024
,Zagreb,London,1338.286046332775
,Piraeus,Munich,1496.4103631453472
,London,Tel Aviv,3560.9618347765017
,Valencia,Saint Petersburg,3115.6759748479412
,Ghent,Lyon,594.5634324976987
,Borisov,Rome,1810.0108560487693
,Munich,Zagreb,419.91770738414135
,Tel Aviv,Kyiv,2069.6781453967396
,Saint Petersburg,Ghent,1923.0202561025367
,Donetsk,Paris,2603.0986413838896
,Astana,Istanbul,3419.495080750362
,Turin,Seville,1425.9218277773907
,Monchengladbach,Manchester,643.4359738194551
,Zagreb,Piraeus,1083.5603337655666
,Porto,Tel Aviv,3966.268479825367
,Saint Petersburg,Lyon,2298.9159858263292
,Valencia,Ghent,1326.5066632434864
,Paris,Madrid,1052.0367572925063
,Malmo,Donetsk,1893.5391487184045
,Wolfsburg,Eindhoven,380.9545719278622
,Istanbul,Lisbon,3245.418636809352
,Madrid,Astana,5705.14169245092
,Manchester,Seville,1811.610197790188
,Turin,Monchengladbach,687.5402986100619
,Madrid,Paris,1052.0367572925063
,Donetsk,Malmo,1893.5391487184045
,Eindhoven,Wolfsburg,380.9545719278622
,Lisbon,Istanbul,3245.418636809352
,Astana,Madrid,5705.14169245092
,Seville,Manchester,1811.610197790188
,Monchengladbach,Turin,687.5402986100619
,Piraeus,Zagreb,1083.5603337655666
,Tel Aviv,Porto,3966.268479825367
,Ghent,Valencia,1326.5066632434864
,Lyon,Saint Petersburg,2298.9159858263292
,Borisov,Leverkusen,1493.6632910227024
,London,Zagreb,1338.286046332775
,Munich,Piraeus,1496.4103631453472
,Tel Aviv,London,3560.9618347765017
,Lyon,Ghent,594.5634324976987
,Saint Petersburg,Valencia,3115.6759748479412
,Malmo,Paris,1044.6581819251144
,Donetsk,Madrid,3378.4975945145165
,Astana,Lisbon,6184.608255551216
,Monchengladbach,Seville,1821.3865191593393
,Paris,Donetsk,2603.0986413838896
,Istanbul,Astana,3419.495080750362
,Seville,Turin,1425.9218277773907
,Manchester,Monchengladbach,643.4359738194551
,Rome,Borisov,1810.0108560487693
,Zagreb,Munich,419.91770738414135
,Kyiv,Tel Aviv,2069.6781453967396
,Ghent,Saint Petersburg,1923.0202561025367
,Ghent,Wolfsburg,510.6883621090649
,Wolfsburg,Ghent,510.6883621090649
,Paris,Manchester,604.8563686895704
,Wolfsburg,Madrid,
,Madrid,Wolfsburg,1731.5241044934771
,Manchester,Paris,604.8563686895704
